10.0.1.10,10.0.2.10,1,53694,s1-eth1,s1-eth4
10.0.2.10,10.0.1.10,1,53694,s2-eth1,s2-eth4
10.0.1.10,10.0.2.10,1,3250,s1-eth1,s1-eth4
10.0.2.10,10.0.1.10,1,3250,s2-eth1,s2-eth4
10.0.4.10,10.0.3.10,6,60874,57543,s4-eth1,s4-eth4
10.0.3.10,10.0.4.10,6,57543,60874,s3-eth1,s3-eth4
10.0.1.10,10.0.6.10,6,37498,57516,s1-eth1,s1-eth4
10.0.4.10,10.0.6.10,6,35040,57546,s4-eth1,s4-eth4
10.0.5.10,10.0.4.10,6,44598,57154,s5-eth1,s5-eth3
10.0.6.10,10.0.1.10,6,57516,37498,s6-eth1,s6-eth3
10.0.4.10,10.0.3.10,6,60888,57543,s4-eth1,s4-eth4
10.0.5.10,10.0.8.10,6,41508,57258,s5-eth1,s5-eth3
10.0.2.10,10.0.4.10,6,44434,57924,s2-eth1,s2-eth4
10.0.1.10,10.0.6.10,6,57438,57516,s1-eth1,s1-eth4
10.0.3.10,10.0.4.10,6,57543,60888,s3-eth1,s3-eth4
10.0.6.10,10.0.4.10,6,57546,35040,s6-eth1,s6-eth3
10.0.8.10,10.0.5.10,6,57258,41508,s8-eth1,s8-eth3
10.0.4.10,10.0.5.10,6,57154,44598,s4-eth1,s4-eth4
10.0.5.10,10.0.8.10,6,60262,57258,s5-eth1,s5-eth3
10.0.8.10,10.0.3.10,6,56018,57183,s8-eth1,s8-eth3
10.0.1.10,10.0.2.10,6,56252,57112,s1-eth1,s1-eth4
10.0.2.10,10.0.5.10,6,59418,57625,s2-eth1,s2-eth4
10.0.6.10,10.0.2.10,6,45224,57062,s6-eth1,s6-eth3
10.0.4.10,10.0.2.10,6,57924,44434,s4-eth1,s4-eth4
10.0.5.10,10.0.4.10,6,44062,57154,s5-eth1,s5-eth3
10.0.8.10,10.0.5.10,6,57258,60262,s8-eth1,s8-eth3
10.0.4.10,10.0.5.10,6,43030,57445,s4-eth1,s4-eth4
10.0.6.10,10.0.1.10,6,57516,57438,s6-eth1,s6-eth3
10.0.6.10,10.0.7.10,6,39040,57267,s6-eth1,s6-eth3
10.0.4.10,10.0.3.10,6,59464,57543,s4-eth1,s4-eth4
10.0.4.10,10.0.6.10,6,48128,57546,s4-eth1,s4-eth4
10.0.3.10,10.0.4.10,6,57543,59464,s3-eth1,s3-eth4
10.0.5.10,10.0.4.10,6,57122,57154,s5-eth1,s5-eth3
10.0.6.10,10.0.4.10,6,57546,48128,s6-eth1,s6-eth3
10.0.1.10,10.0.6.10,6,34056,57516,s1-eth1,s1-eth4
10.0.4.10,10.0.3.10,6,59478,57543,s4-eth1,s4-eth4
10.0.2.10,10.0.4.10,6,53308,57924,s2-eth1,s2-eth4
10.0.5.10,10.0.8.10,6,49074,57258,s5-eth1,s5-eth3
10.0.3.10,10.0.4.10,6,57543,59478,s3-eth1,s3-eth4
10.0.8.10,10.0.3.10,6,55298,57183,s8-eth1,s8-eth3
10.0.1.10,10.0.2.10,6,37072,57112,s1-eth1,s1-eth4
10.0.4.10,10.0.5.10,6,57154,57122,s4-eth1,s4-eth4
10.0.6.10,10.0.2.10,6,54764,57062,s6-eth1,s6-eth3
10.0.2.10,10.0.1.10,6,57112,37072,s2-eth1,s2-eth4
10.0.3.10,10.0.8.10,6,57183,55298,s3-eth1,s3-eth4
10.0.5.10,10.0.4.10,6,34054,57154,s5-eth1,s5-eth3
10.0.8.10,10.0.5.10,6,57258,49074,s8-eth1,s8-eth3
10.0.1.10,10.0.2.10,6,52566,57112,s1-eth1,s1-eth4
10.0.2.10,10.0.5.10,6,37524,57625,s2-eth1,s2-eth4
10.0.6.10,10.0.1.10,6,57516,34056,s6-eth1,s6-eth3
10.0.4.10,10.0.6.10,6,44516,57546,s4-eth1,s4-eth4
10.0.7.10,10.0.4.10,6,58888,57174,s7-eth1,s7-eth3
10.0.8.10,10.0.3.10,6,58808,57183,s8-eth1,s8-eth3
10.0.5.10,10.0.8.10,6,45074,57258,s5-eth1,s5-eth3
10.0.3.10,10.0.7.10,6,59722,57337,s3-eth1,s3-eth4
10.0.1.10,10.0.4.10,6,56098,57314,s1-eth1,s1-eth4
10.0.2.10,10.0.6.10,6,57062,54764,s2-eth1,s2-eth4
10.0.6.10,10.0.7.10,6,51054,57267,s6-eth1,s6-eth3
10.0.4.10,10.0.2.10,6,57924,53308,s4-eth1,s4-eth4
10.0.7.10,10.0.2.10,6,41820,57272,s7-eth1,s7-eth3
10.0.5.10,10.0.8.10,6,58656,57858,s5-eth1,s5-eth3
10.0.8.10,10.0.5.10,6,57258,45074,s8-eth1,s8-eth3
10.0.1.10,10.0.6.10,6,53256,57516,s1-eth1,s1-eth4
10.0.3.10,10.0.5.10,6,35036,57335,s3-eth1,s3-eth4
10.0.6.10,10.0.3.10,6,34020,57463,s6-eth1,s6-eth3
10.0.2.10,10.0.1.10,6,57736,57221,s2-eth1,s2-eth4
10.0.4.10,10.0.5.10,6,52634,57445,s4-eth1,s4-eth4
10.0.5.10,10.0.2.10,6,56308,57552,s5-eth1,s5-eth3
10.0.8.10,10.0.5.10,6,57858,58656,s8-eth1,s8-eth3
10.0.7.10,10.0.8.10,6,48350,57878,s7-eth1,s7-eth3
10.0.2.10,10.0.3.10,6,40428,57923,s2-eth1,s2-eth4
10.0.1.10,10.0.7.10,6,55428,57817,s1-eth1,s1-eth4
10.0.6.10,10.0.4.10,6,57546,44516,s6-eth1,s6-eth3
10.0.3.10,10.0.8.10,6,57183,58808,s3-eth1,s3-eth4
10.0.5.10,10.0.2.10,6,57625,37524,s5-eth1,s5-eth3
10.0.7.10,10.0.6.10,6,57267,51054,s7-eth1,s7-eth3
10.0.4.10,10.0.5.10,6,57154,34054,s4-eth1,s4-eth4
10.0.8.10,10.0.7.10,6,57878,48350,s8-eth1,s8-eth3
10.0.2.10,10.0.1.10,6,57112,52566,s2-eth1,s2-eth4
10.0.1.10,10.0.2.10,6,41144,57912,s1-eth1,s1-eth4
10.0.7.10,10.0.3.10,6,57337,59722,s7-eth1,s7-eth3
10.0.6.10,10.0.2.10,6,60284,57162,s6-eth1,s6-eth3
10.0.3.10,10.0.2.10,6,57923,40428,s3-eth1,s3-eth4
10.0.5.10,10.0.3.10,6,57335,35036,s5-eth1,s5-eth3
10.0.2.10,10.0.5.10,6,35046,57325,s2-eth1,s2-eth4
10.0.1.10,10.0.3.10,6,35408,57813,s1-eth1,s1-eth4
10.0.4.10,10.0.7.10,6,43382,57647,s4-eth1,s4-eth4
10.0.8.10,10.0.3.10,6,55174,57083,s8-eth1,s8-eth3
10.0.3.10,10.0.6.10,6,57463,34020,s3-eth1,s3-eth4
10.0.7.10,10.0.1.10,6,57817,55428,s7-eth1,s7-eth3
10.0.6.10,10.0.5.10,6,50828,57165,s6-eth1,s6-eth3
10.0.5.10,10.0.4.10,6,57378,57554,s5-eth1,s5-eth3
10.0.2.10,10.0.5.10,6,40894,57425,s2-eth1,s2-eth4
10.0.1.10,10.0.2.10,6,57221,57736,s1-eth1,s1-eth4
10.0.4.10,10.0.7.10,6,57174,58888,s4-eth1,s4-eth4
10.0.6.10,10.0.5.10,6,47652,57565,s6-eth1,s6-eth3
10.0.8.10,10.0.4.10,6,60974,57184,s8-eth1,s8-eth3
10.0.3.10,10.0.8.10,6,57083,55174,s3-eth1,s3-eth4
10.0.7.10,10.0.8.10,6,56886,57878,s7-eth1,s7-eth3
10.0.1.10,10.0.2.10,6,36040,57412,s1-eth1,s1-eth4
10.0.5.10,10.0.8.10,6,54492,57858,s5-eth1,s5-eth3
10.0.2.10,10.0.1.10,6,51254,57621,s2-eth1,s2-eth4
10.0.8.10,10.0.6.10,6,45966,57386,s8-eth1,s8-eth3
10.0.6.10,10.0.1.10,6,57516,53256,s6-eth1,s6-eth3
10.0.7.10,10.0.4.10,6,53586,57674,s7-eth1,s7-eth3
10.0.4.10,10.0.3.10,6,40798,57643,s4-eth1,s4-eth4
10.0.3.10,10.0.7.10,6,33250,57337,s3-eth1,s3-eth4
10.0.1.10,10.0.6.10,6,59344,57416,s1-eth1,s1-eth4
10.0.5.10,10.0.4.10,6,57445,52634,s5-eth1,s5-eth3
10.0.2.10,10.0.7.10,6,57272,41820,s2-eth1,s2-eth4
10.0.8.10,10.0.3.10,6,54326,57083,s8-eth1,s8-eth3
10.0.4.10,10.0.1.10,6,57314,56098,s4-eth1,s4-eth4
10.0.6.10,10.0.2.10,6,38092,57062,s6-eth1,s6-eth3
10.0.3.10,10.0.5.10,6,40110,57335,s3-eth1,s3-eth4
10.0.7.10,10.0.4.10,6,35478,57474,s7-eth1,s7-eth3
10.0.1.10,10.0.4.10,6,46690,57814,s1-eth1,s1-eth4
10.0.4.10,10.0.8.10,6,35612,57048,s4-eth1,s4-eth4
10.0.2.10,10.0.5.10,6,57552,56308,s2-eth1,s2-eth4
10.0.5.10,10.0.2.10,6,57325,35046,s5-eth1,s5-eth3
10.0.8.10,10.0.5.10,6,57858,54492,s8-eth1,s8-eth3
10.0.6.10,10.0.7.10,6,36006,57267,s6-eth1,s6-eth3
10.0.3.10,10.0.8.10,6,60948,57038,s3-eth1,s3-eth4
10.0.1.10,10.0.7.10,6,42254,57817,s1-eth1,s1-eth4
10.0.8.10,10.0.4.10,6,41898,57884,s8-eth1,s8-eth3
10.0.7.10,10.0.3.10,6,57337,33250,s7-eth1,s7-eth3
10.0.2.10,10.0.4.10,6,35836,57924,s2-eth1,s2-eth4
10.0.4.10,10.0.5.10,6,37330,57145,s4-eth1,s4-eth4
10.0.5.10,10.0.7.10,6,33060,57157,s5-eth1,s5-eth3
10.0.6.10,10.0.3.10,6,43374,57063,s6-eth1,s6-eth3
10.0.1.10,10.0.4.10,6,57648,57014,s1-eth1,s1-eth4
10.0.3.10,10.0.4.10,6,41600,57634,s3-eth1,s3-eth4
10.0.8.10,10.0.7.10,6,57878,56886,s8-eth1,s8-eth3
10.0.7.10,10.0.8.10,6,54990,57278,s7-eth1,s7-eth3
10.0.2.10,10.0.6.10,6,37298,57426,s2-eth1,s2-eth4
10.0.5.10,10.0.7.10,6,44900,57357,s5-eth1,s5-eth3
10.0.3.10,10.0.1.10,6,41792,57831,s3-eth1,s3-eth4
10.0.1.10,10.0.4.10,6,56790,57414,s1-eth1,s1-eth4
10.0.4.10,10.0.6.10,6,43326,57446,s4-eth1,s4-eth4
10.0.8.10,10.0.7.10,6,39240,57287,s8-eth1,s8-eth3
10.0.6.10,10.0.3.10,6,57782,57363,s6-eth1,s6-eth3
10.0.7.10,10.0.1.10,6,57817,42254,s7-eth1,s7-eth3
10.0.5.10,10.0.3.10,6,57335,40110,s5-eth1,s5-eth3
10.0.2.10,10.0.1.10,6,57912,41144,s2-eth1,s2-eth4
10.0.3.10,10.0.4.10,6,38604,57934,s3-eth1,s3-eth4
10.0.1.10,10.0.2.10,6,57128,57612,s1-eth1,s1-eth4
10.0.8.10,10.0.2.10,6,54822,57882,s8-eth1,s8-eth3
10.0.4.10,10.0.8.10,6,57244,57648,s4-eth1,s4-eth4
10.0.3.10,10.0.1.10,6,57813,35408,s3-eth1,s3-eth4
10.0.2.10,10.0.3.10,6,60270,57823,s2-eth1,s2-eth4
10.0.7.10,10.0.3.10,6,52878,57073,s7-eth1,s7-eth3
10.0.6.10,10.0.4.10,6,35406,57664,s6-eth1,s6-eth3
10.0.1.10,10.0.5.10,6,47156,57415,s1-eth1,s1-eth4
10.0.5.10,10.0.1.10,6,34974,57651,s5-eth1,s5-eth3
10.0.8.10,10.0.3.10,6,36330,57983,s8-eth1,s8-eth3
10.0.3.10,10.0.6.10,6,50652,57736,s3-eth1,s3-eth4
10.0.4.10,10.0.8.10,6,57782,57148,s4-eth1,s4-eth4
10.0.2.10,10.0.5.10,6,32976,57625,s2-eth1,s2-eth4
10.0.6.10,10.0.7.10,6,41238,57667,s6-eth1,s6-eth3
10.0.7.10,10.0.5.10,6,57157,33060,s7-eth1,s7-eth3
10.0.1.10,10.0.8.10,6,55674,57118,s1-eth1,s1-eth4
10.0.5.10,10.0.1.10,6,47320,57051,s5-eth1,s5-eth3
10.0.8.10,10.0.7.10,6,57278,54990,s8-eth1,s8-eth3
10.0.6.10,10.0.4.10,6,48712,57564,s6-eth1,s6-eth3
10.0.2.10,10.0.3.10,6,55664,57923,s2-eth1,s2-eth4
10.0.7.10,10.0.1.10,6,43510,57771,s7-eth1,s7-eth3
10.0.3.10,10.0.2.10,6,37678,57232,s3-eth1,s3-eth4
10.0.4.10,10.0.7.10,6,45850,57447,s4-eth1,s4-eth4
10.0.8.10,10.0.5.10,6,39630,57185,s8-eth1,s8-eth3
10.0.5.10,10.0.2.10,6,36604,57952,s5-eth1,s5-eth3
10.0.1.10,10.0.3.10,6,57831,41792,s1-eth1,s1-eth4
10.0.3.10,10.0.2.10,6,33258,57732,s3-eth1,s3-eth4
10.0.2.10,10.0.4.10,6,55196,57724,s2-eth1,s2-eth4
10.0.6.10,10.0.8.10,6,57386,45966,s6-eth1,s6-eth3
10.0.7.10,10.0.5.10,6,51914,57375,s7-eth1,s7-eth3
10.0.8.10,10.0.3.10,6,57038,60948,s8-eth1,s8-eth3
10.0.1.10,10.0.8.10,6,53224,57618,s1-eth1,s1-eth4
10.0.4.10,10.0.1.10,6,41064,57641,s4-eth1,s4-eth4
10.0.3.10,10.0.8.10,6,57083,54326,s3-eth1,s3-eth4
10.0.2.10,10.0.6.10,6,57162,60284,s2-eth1,s2-eth4
10.0.5.10,10.0.2.10,6,36494,57152,s5-eth1,s5-eth3
10.0.7.10,10.0.5.10,6,57357,44900,s7-eth1,s7-eth3
10.0.6.10,10.0.1.10,6,57416,59344,s6-eth1,s6-eth3
10.0.4.10,10.0.5.10,6,57554,57378,s4-eth1,s4-eth4
10.0.2.10,10.0.4.10,6,50786,57124,s2-eth1,s2-eth4
10.0.7.10,10.0.8.10,6,51050,57978,s7-eth1,s7-eth3
10.0.8.10,10.0.4.10,6,38182,57284,s8-eth1,s8-eth3
10.0.1.10,10.0.3.10,6,48512,57313,s1-eth1,s1-eth4
10.0.3.10,10.0.7.10,6,36084,57637,s3-eth1,s3-eth4
10.0.5.10,10.0.3.10,6,43776,57853,s5-eth1,s5-eth3
10.0.4.10,10.0.8.10,6,57184,60974,s4-eth1,s4-eth4
10.0.2.10,10.0.6.10,6,42020,57226,s2-eth1,s2-eth4
10.0.6.10,10.0.2.10,6,34544,57962,s6-eth1,s6-eth3
10.0.1.10,10.0.8.10,6,46710,57018,s1-eth1,s1-eth4
10.0.7.10,10.0.8.10,6,57287,39240,s7-eth1,s7-eth3
10.0.3.10,10.0.2.10,6,59262,57532,s3-eth1,s3-eth4
10.0.8.10,10.0.2.10,6,38946,57582,s8-eth1,s8-eth3
10.0.5.10,10.0.7.10,6,36624,57657,s5-eth1,s5-eth3
10.0.4.10,10.0.2.10,6,56430,57442,s4-eth1,s4-eth4
10.0.2.10,10.0.4.10,6,34144,57224,s2-eth1,s2-eth4
10.0.7.10,10.0.3.10,6,39864,57373,s7-eth1,s7-eth3
10.0.1.10,10.0.7.10,6,43828,57517,s1-eth1,s1-eth4
10.0.6.10,10.0.3.10,6,33084,57963,s6-eth1,s6-eth3
10.0.3.10,10.0.7.10,6,45966,57037,s3-eth1,s3-eth4
10.0.5.10,10.0.3.10,6,47554,57253,s5-eth1,s5-eth3
10.0.8.10,10.0.6.10,6,33458,57686,s8-eth1,s8-eth3
10.0.4.10,10.0.6.10,6,39090,57646,s4-eth1,s4-eth4
10.0.2.10,10.0.1.10,6,57412,36040,s2-eth1,s2-eth4
10.0.7.10,10.0.5.10,6,59054,57675,s7-eth1,s7-eth3
10.0.1.10,10.0.3.10,6,47990,57513,s1-eth1,s1-eth4
10.0.8.10,10.0.2.10,6,55280,57182,s8-eth1,s8-eth3
10.0.3.10,10.0.6.10,6,57363,57782,s3-eth1,s3-eth4
10.0.4.10,10.0.7.10,6,57674,53586,s4-eth1,s4-eth4
10.0.6.10,10.0.5.10,6,34508,57365,s6-eth1,s6-eth3
10.0.2.10,10.0.3.10,6,47394,57723,s2-eth1,s2-eth4
10.0.5.10,10.0.1.10,6,57415,47156,s5-eth1,s5-eth3
10.0.7.10,10.0.8.10,6,40948,57278,s7-eth1,s7-eth3
10.0.1.10,10.0.4.10,6,47076,57914,s1-eth1,s1-eth4
10.0.2.10,10.0.8.10,6,56050,57128,s2-eth1,s2-eth4
10.0.6.10,10.0.4.10,6,51458,57064,s6-eth1,s6-eth3
10.0.8.10,10.0.1.10,6,40480,57781,s8-eth1,s8-eth3
10.0.4.10,10.0.3.10,6,36668,57143,s4-eth1,s4-eth4
10.0.3.10,10.0.2.10,6,37268,57132,s3-eth1,s3-eth4
10.0.7.10,10.0.2.10,6,39822,57472,s7-eth1,s7-eth3
10.0.1.10,10.0.5.10,6,57651,34974,s1-eth1,s1-eth4
10.0.5.10,10.0.4.10,6,52248,57354,s5-eth1,s5-eth3
10.0.4.10,10.0.2.10,6,59106,57942,s4-eth1,s4-eth4
10.0.3.10,10.0.4.10,6,34518,57034,s3-eth1,s3-eth4
10.0.2.10,10.0.8.10,6,43380,57528,s2-eth1,s2-eth4
10.0.6.10,10.0.4.10,6,35338,57264,s6-eth1,s6-eth3
10.0.8.10,10.0.4.10,6,44046,57484,s8-eth1,s8-eth3
10.0.4.10,10.0.8.10,6,60402,57848,s4-eth1,s4-eth4
10.0.7.10,10.0.5.10,6,41914,57275,s7-eth1,s7-eth3
10.0.3.10,10.0.5.10,6,49140,57635,s3-eth1,s3-eth4
10.0.5.10,10.0.7.10,6,57375,51914,s5-eth1,s5-eth3
10.0.1.10,10.0.7.10,6,57771,43510,s1-eth1,s1-eth4
10.0.2.10,10.0.1.10,6,57612,57128,s2-eth1,s2-eth4
10.0.6.10,10.0.8.10,6,47790,57768,s6-eth1,s6-eth3
10.0.4.10,10.0.1.10,6,57814,46690,s4-eth1,s4-eth4
10.0.3.10,10.0.4.10,6,48666,57534,s3-eth1,s3-eth4
10.0.7.10,10.0.3.10,6,56616,57773,s7-eth1,s7-eth3
10.0.5.10,10.0.8.10,6,57185,39630,s5-eth1,s5-eth3
10.0.8.10,10.0.2.10,6,43480,57982,s8-eth1,s8-eth3
10.0.2.10,10.0.8.10,6,57882,54822,s2-eth1,s2-eth4
10.0.1.10,10.0.3.10,6,44114,57713,s1-eth1,s1-eth4
10.0.4.10,10.0.7.10,6,57474,35478,s4-eth1,s4-eth4
10.0.5.10,10.0.8.10,6,37708,57358,s5-eth1,s5-eth3
10.0.6.10,10.0.2.10,6,50822,57262,s6-eth1,s6-eth3
10.0.7.10,10.0.6.10,6,56848,57576,s7-eth1,s7-eth3
10.0.3.10,10.0.7.10,6,57073,52878,s3-eth1,s3-eth4
10.0.1.10,10.0.5.10,6,57051,47320,s1-eth1,s1-eth4
10.0.8.10,10.0.7.10,6,42846,57187,s8-eth1,s8-eth3
10.0.5.10,10.0.7.10,6,57675,59054,s5-eth1,s5-eth3
10.0.2.10,10.0.1.10,6,44358,57321,s2-eth1,s2-eth4
10.0.7.10,10.0.5.10,6,57657,36624,s7-eth1,s7-eth3
10.0.6.10,10.0.8.10,6,47308,57368,s6-eth1,s6-eth3
10.0.4.10,10.0.8.10,6,57884,41898,s4-eth1,s4-eth4
10.0.3.10,10.0.5.10,6,57853,43776,s3-eth1,s3-eth4
10.0.5.10,10.0.6.10,6,56758,57756,s5-eth1,s5-eth3
10.0.8.10,10.0.1.10,6,57118,55674,s8-eth1,s8-eth3
10.0.2.10,10.0.5.10,6,57152,36494,s2-eth1,s2-eth4
10.0.1.10,10.0.5.10,6,46808,57415,s1-eth1,s1-eth4
10.0.7.10,10.0.1.10,6,57517,43828,s7-eth1,s7-eth3
10.0.6.10,10.0.2.10,6,47922,57662,s6-eth1,s6-eth3
10.0.4.10,10.0.1.10,6,57014,57648,s4-eth1,s4-eth4
10.0.5.10,10.0.3.10,6,42132,57453,s5-eth1,s5-eth3
10.0.3.10,10.0.8.10,6,57983,36330,s3-eth1,s3-eth4
10.0.8.10,10.0.3.10,6,38878,57383,s8-eth1,s8-eth3
10.0.2.10,10.0.5.10,6,57952,36604,s2-eth1,s2-eth4
10.0.4.10,10.0.5.10,6,51234,57245,s4-eth1,s4-eth4
10.0.1.10,10.0.8.10,6,57781,40480,s1-eth1,s1-eth4
10.0.7.10,10.0.3.10,6,57037,45966,s7-eth1,s7-eth3
10.0.5.10,10.0.7.10,6,57275,41914,s5-eth1,s5-eth3
10.0.6.10,10.0.7.10,6,47638,57867,s6-eth1,s6-eth3
10.0.3.10,10.0.1.10,6,57313,48512,s3-eth1,s3-eth4
10.0.8.10,10.0.7.10,6,57978,51050,s8-eth1,s8-eth3
10.0.4.10,10.0.1.10,6,58118,57541,s4-eth1,s4-eth4
10.0.6.10,10.0.3.10,6,33318,57163,s6-eth1,s6-eth3
10.0.5.10,10.0.4.10,6,40316,57654,s5-eth1,s5-eth3
10.0.2.10,10.0.7.10,6,57472,39822,s2-eth1,s2-eth4
10.0.1.10,10.0.2.10,6,57321,44358,s1-eth1,s1-eth4
10.0.7.10,10.0.1.10,6,53946,57471,s7-eth1,s7-eth3
10.0.3.10,10.0.6.10,6,58754,57036,s3-eth1,s3-eth4
10.0.8.10,10.0.1.10,6,57018,46710,s8-eth1,s8-eth3
10.0.4.10,10.0.3.10,6,54500,57943,s4-eth1,s4-eth4
10.0.6.10,10.0.8.10,6,57686,33458,s6-eth1,s6-eth3
10.0.5.10,10.0.8.10,6,58830,57058,s5-eth1,s5-eth3
10.0.2.10,10.0.5.10,6,51916,57825,s2-eth1,s2-eth4
10.0.4.10,10.0.1.10,6,57414,56790,s4-eth1,s4-eth4
10.0.7.10,10.0.6.10,6,53258,57176,s7-eth1,s7-eth3
10.0.3.10,10.0.5.10,6,54580,57235,s3-eth1,s3-eth4
10.0.8.10,10.0.1.10,6,46498,57681,s8-eth1,s8-eth3
10.0.6.10,10.0.2.10,6,40872,57762,s6-eth1,s6-eth3
10.0.4.10,10.0.3.10,6,43380,57043,s4-eth1,s4-eth4
10.0.7.10,10.0.2.10,6,52124,57972,s7-eth1,s7-eth3
10.0.2.10,10.0.8.10,6,60050,57928,s2-eth1,s2-eth4
10.0.5.10,10.0.1.10,6,57415,46808,s5-eth1,s5-eth3
10.0.3.10,10.0.8.10,6,59258,57938,s3-eth1,s3-eth4
10.0.4.10,10.0.3.10,6,57934,38604,s4-eth1,s4-eth4
10.0.8.10,10.0.1.10,6,57618,53224,s8-eth1,s8-eth3
10.0.6.10,10.0.5.10,6,57756,56758,s6-eth1,s6-eth3
10.0.7.10,10.0.5.10,6,46948,57375,s7-eth1,s7-eth3
10.0.4.10,10.0.6.10,6,43804,57946,s4-eth1,s4-eth4
10.0.2.10,10.0.8.10,6,57582,38946,s2-eth1,s2-eth4
10.0.6.10,10.0.5.10,6,46436,57265,s6-eth1,s6-eth3
10.0.3.10,10.0.1.10,6,57513,47990,s3-eth1,s3-eth4
10.0.5.10,10.0.3.10,6,57235,54580,s5-eth1,s5-eth3
10.0.8.10,10.0.2.10,6,57528,43380,s8-eth1,s8-eth3
10.0.7.10,10.0.5.10,6,45460,57675,s7-eth1,s7-eth3
10.0.1.10,10.0.8.10,6,57681,46498,s1-eth1,s1-eth4
10.0.3.10,10.0.2.10,6,57723,47394,s3-eth1,s3-eth4
10.0.4.10,10.0.6.10,6,49278,57046,s4-eth1,s4-eth4
10.0.6.10,10.0.5.10,6,52594,57965,s6-eth1,s6-eth3
10.0.2.10,10.0.7.10,6,39158,57927,s2-eth1,s2-eth4
10.0.5.10,10.0.7.10,6,50006,57557,s5-eth1,s5-eth3
10.0.7.10,10.0.8.10,6,57187,42846,s7-eth1,s7-eth3
10.0.8.10,10.0.2.10,6,38014,57382,s8-eth1,s8-eth3
10.0.3.10,10.0.7.10,6,57373,39864,s3-eth1,s3-eth4
10.0.6.10,10.0.7.10,6,56504,57767,s6-eth1,s6-eth3
10.0.1.10,10.0.7.10,6,57471,53946,s1-eth1,s1-eth4
10.0.7.10,10.0.5.10,6,50168,57275,s7-eth1,s7-eth3
10.0.5.10,10.0.6.10,6,35418,57756,s5-eth1,s5-eth3
10.0.4.10,10.0.7.10,6,46732,57047,s4-eth1,s4-eth4
10.0.2.10,10.0.6.10,6,57262,50822,s2-eth1,s2-eth4
10.0.6.10,10.0.7.10,6,35284,57367,s6-eth1,s6-eth3
10.0.8.10,10.0.7.10,6,57278,40948,s8-eth1,s8-eth3
10.0.3.10,10.0.5.10,6,58546,57935,s3-eth1,s3-eth4
10.0.7.10,10.0.6.10,6,57867,47638,s7-eth1,s7-eth3
10.0.5.10,10.0.6.10,6,57265,46436,s5-eth1,s5-eth3
10.0.1.10,10.0.8.10,6,47310,57818,s1-eth1,s1-eth4
10.0.4.10,10.0.1.10,6,57914,47076,s4-eth1,s4-eth4
10.0.6.10,10.0.7.10,6,57576,56848,s6-eth1,s6-eth3
10.0.8.10,10.0.5.10,6,50586,57185,s8-eth1,s8-eth3
10.0.2.10,10.0.8.10,6,57182,55280,s2-eth1,s2-eth4
10.0.5.10,10.0.6.10,6,37196,57556,s5-eth1,s5-eth3
10.0.7.10,10.0.1.10,6,54672,57271,s7-eth1,s7-eth3
10.0.4.10,10.0.8.10,6,57284,38182,s4-eth1,s4-eth4
10.0.8.10,10.0.4.10,6,60896,57384,s8-eth1,s8-eth3
10.0.3.10,10.0.7.10,6,57773,56616,s3-eth1,s3-eth4
10.0.6.10,10.0.3.10,6,47922,57263,s6-eth1,s6-eth3
10.0.1.10,10.0.8.10,6,47022,57418,s1-eth1,s1-eth4
10.0.5.10,10.0.1.10,6,58940,57351,s5-eth1,s5-eth3
10.0.2.10,10.0.8.10,6,57982,43480,s2-eth1,s2-eth4
10.0.4.10,10.0.3.10,6,57034,34518,s4-eth1,s4-eth4
10.0.7.10,10.0.5.10,6,57557,50006,s7-eth1,s7-eth3
10.0.6.10,10.0.3.10,6,57036,58754,s6-eth1,s6-eth3
10.0.3.10,10.0.7.10,6,37346,57837,s3-eth1,s3-eth4
10.0.8.10,10.0.5.10,6,57358,37708,s8-eth1,s8-eth3
10.0.1.10,10.0.2.10,6,57648,57512,s1-eth1,s1-eth4
10.0.4.10,10.0.5.10,6,56652,57745,s4-eth1,s4-eth4
10.0.7.10,10.0.3.10,6,36952,57873,s7-eth1,s7-eth3
10.0.5.10,10.0.6.10,6,57965,52594,s5-eth1,s5-eth3
10.0.2.10,10.0.6.10,6,40922,57826,s2-eth1,s2-eth4
10.0.8.10,10.0.6.10,6,57768,47790,s8-eth1,s8-eth3
10.0.6.10,10.0.7.10,6,60402,57167,s6-eth1,s6-eth3
10.0.3.10,10.0.5.10,6,57253,47554,s3-eth1,s3-eth4
10.0.1.10,10.0.3.10,6,57480,57013,s1-eth1,s1-eth4
10.0.5.10,10.0.2.10,6,57825,51916,s5-eth1,s5-eth3
10.0.7.10,10.0.5.10,6,35880,57475,s7-eth1,s7-eth3
10.0.4.10,10.0.5.10,6,57354,52248,s4-eth1,s4-eth4
10.0.8.10,10.0.1.10,6,39136,57081,s8-eth1,s8-eth3
10.0.2.10,10.0.6.10,6,57762,40872,s2-eth1,s2-eth4
10.0.6.10,10.0.7.10,6,57176,53258,s6-eth1,s6-eth3
10.0.7.10,10.0.6.10,6,57767,56504,s7-eth1,s7-eth3
10.0.5.10,10.0.7.10,6,57375,46948,s5-eth1,s5-eth3
10.0.3.10,10.0.7.10,6,56698,57137,s3-eth1,s3-eth4
10.0.6.10,10.0.5.10,6,57756,35418,s6-eth1,s6-eth3
10.0.4.10,10.0.6.10,6,57064,51458,s4-eth1,s4-eth4
10.0.8.10,10.0.1.10,6,50682,57781,s8-eth1,s8-eth3
10.0.2.10,10.0.6.10,6,57662,47922,s2-eth1,s2-eth4
10.0.7.10,10.0.1.10,6,44906,57471,s7-eth1,s7-eth3
10.0.5.10,10.0.7.10,6,57675,45460,s5-eth1,s5-eth3
10.0.3.10,10.0.5.10,6,57453,42132,s3-eth1,s3-eth4
10.0.1.10,10.0.7.10,6,57271,54672,s1-eth1,s1-eth4
10.0.6.10,10.0.5.10,6,34480,57265,s6-eth1,s6-eth3
10.0.8.10,10.0.2.10,6,43888,57082,s8-eth1,s8-eth3
10.0.4.10,10.0.8.10,6,57484,44046,s4-eth1,s4-eth4
10.0.2.10,10.0.1.10,6,55354,57321,s2-eth1,s2-eth4
10.0.5.10,10.0.1.10,6,50712,57451,s5-eth1,s5-eth3
10.0.6.10,10.0.2.10,6,57826,40922,s6-eth1,s6-eth3
10.0.7.10,10.0.2.10,6,57927,39158,s7-eth1,s7-eth3
10.0.1.10,10.0.5.10,6,57351,58940,s1-eth1,s1-eth4
10.0.3.10,10.0.8.10,6,57383,38878,s3-eth1,s3-eth4
10.0.2.10,10.0.8.10,6,53602,57228,s2-eth1,s2-eth4
10.0.8.10,10.0.5.10,6,57058,58830,s8-eth1,s8-eth3
10.0.4.10,10.0.6.10,6,57264,35338,s4-eth1,s4-eth4
10.0.5.10,10.0.3.10,6,54838,57753,s5-eth1,s5-eth3
10.0.7.10,10.0.6.10,6,34052,57876,s7-eth1,s7-eth3
10.0.6.10,10.0.5.10,6,57556,37196,s6-eth1,s6-eth3
10.0.8.10,10.0.6.10,6,57368,47308,s8-eth1,s8-eth3
10.0.1.10,10.0.7.10,6,57471,44906,s1-eth1,s1-eth4
10.0.3.10,10.0.6.10,6,57163,33318,s3-eth1,s3-eth4
10.0.4.10,10.0.5.10,6,57654,40316,s4-eth1,s4-eth4
10.0.2.10,10.0.8.10,6,57382,38014,s2-eth1,s2-eth4
10.0.8.10,10.0.1.10,6,39372,57581,s8-eth1,s8-eth3
10.0.6.10,10.0.8.10,6,42462,57568,s6-eth1,s6-eth3
10.0.5.10,10.0.7.10,6,57275,50168,s5-eth1,s5-eth3
10.0.7.10,10.0.4.10,6,55924,57774,s7-eth1,s7-eth3
10.0.1.10,10.0.2.10,6,36866,57212,s1-eth1,s1-eth4
10.0.3.10,10.0.1.10,6,57713,44114,s3-eth1,s3-eth4
10.0.6.10,10.0.7.10,6,54126,57067,s6-eth1,s6-eth3
10.0.5.10,10.0.7.10,6,50442,57557,s5-eth1,s5-eth3
10.0.2.10,10.0.7.10,6,57972,52124,s2-eth1,s2-eth4
10.0.4.10,10.0.8.10,6,33844,57348,s4-eth1,s4-eth4
10.0.8.10,10.0.3.10,6,57938,59258,s8-eth1,s8-eth3
10.0.7.10,10.0.8.10,6,35180,57778,s7-eth1,s7-eth3
10.0.1.10,10.0.6.10,6,47538,57716,s1-eth1,s1-eth4
10.0.6.10,10.0.7.10,6,57876,34052,s6-eth1,s6-eth3
10.0.3.10,10.0.5.10,6,55028,57235,s3-eth1,s3-eth4
10.0.5.10,10.0.1.10,6,43850,57551,s5-eth1,s5-eth3
10.0.7.10,10.0.8.10,6,58270,57478,s7-eth1,s7-eth3
10.0.4.10,10.0.1.10,6,53428,57841,s4-eth1,s4-eth4
10.0.2.10,10.0.7.10,6,46002,57127,s2-eth1,s2-eth4
10.0.6.10,10.0.1.10,6,46610,57561,s6-eth1,s6-eth3
10.0.8.10,10.0.1.10,6,36040,57681,s8-eth1,s8-eth3
10.0.1.10,10.0.7.10,6,43788,57017,s1-eth1,s1-eth4
10.0.7.10,10.0.6.10,6,57367,35284,s7-eth1,s7-eth3
10.0.3.10,10.0.7.10,6,50794,57237,s3-eth1,s3-eth4
10.0.5.10,10.0.7.10,6,52540,57257,s5-eth1,s5-eth3
10.0.4.10,10.0.6.10,6,58568,57746,s4-eth1,s4-eth4
10.0.2.10,10.0.1.10,6,57512,57648,s2-eth1,s2-eth4
10.0.6.10,10.0.4.10,6,32988,57164,s6-eth1,s6-eth3
10.0.7.10,10.0.5.10,6,41350,57875,s7-eth1,s7-eth3
10.0.8.10,10.0.2.10,6,58846,57282,s8-eth1,s8-eth3
10.0.1.10,10.0.2.10,6,36338,57312,s1-eth1,s1-eth4
10.0.5.10,10.0.6.10,6,57265,34480,s5-eth1,s5-eth3
10.0.3.10,10.0.2.10,6,48168,57432,s3-eth1,s3-eth4
10.0.2.10,10.0.3.10,6,33606,57623,s2-eth1,s2-eth4
10.0.4.10,10.0.5.10,6,54124,57645,s4-eth1,s4-eth4
10.0.1.10,10.0.5.10,6,57451,50712,s1-eth1,s1-eth4
10.0.6.10,10.0.3.10,6,47638,57563,s6-eth1,s6-eth3
10.0.7.10,10.0.2.10,6,36918,57172,s7-eth1,s7-eth3
10.0.8.10,10.0.2.10,6,57928,60050,s8-eth1,s8-eth3
10.0.5.10,10.0.4.10,6,37218,57254,s5-eth1,s5-eth3
10.0.3.10,10.0.1.10,6,39326,57031,s3-eth1,s3-eth4
10.0.2.10,10.0.6.10,6,39330,57826,s2-eth1,s2-eth4
10.0.1.10,10.0.4.10,6,48068,57214,s1-eth1,s1-eth4
10.0.3.10,10.0.2.10,6,38606,57032,s3-eth1,s3-eth4
10.0.4.10,10.0.2.10,6,45880,57642,s4-eth1,s4-eth4
10.0.8.10,10.0.5.10,6,40390,57285,s8-eth1,s8-eth3
10.0.5.10,10.0.4.10,6,43078,57954,s5-eth1,s5-eth3
10.0.6.10,10.0.1.10,6,57716,47538,s6-eth1,s6-eth3
10.0.7.10,10.0.1.10,6,36796,57271,s7-eth1,s7-eth3
10.0.3.10,10.0.2.10,6,52192,57632,s3-eth1,s3-eth4
10.0.4.10,10.0.2.10,6,44236,57042,s4-eth1,s4-eth4
10.0.1.10,10.0.8.10,6,35814,57518,s1-eth1,s1-eth4
10.0.8.10,10.0.7.10,6,38916,57987,s8-eth1,s8-eth3
10.0.2.10,10.0.7.10,6,40620,57427,s2-eth1,s2-eth4
10.0.3.10,10.0.8.10,6,38520,57238,s3-eth1,s3-eth4
10.0.6.10,10.0.8.10,6,41510,57468,s6-eth1,s6-eth3
10.0.5.10,10.0.7.10,6,57475,35880,s5-eth1,s5-eth3
10.0.7.10,10.0.6.10,6,57167,60402,s7-eth1,s7-eth3
10.0.8.10,10.0.7.10,6,35342,57687,s8-eth1,s8-eth3
10.0.4.10,10.0.8.10,6,54220,57448,s4-eth1,s4-eth4
10.0.1.10,10.0.8.10,6,51170,57918,s1-eth1,s1-eth4
10.0.2.10,10.0.8.10,6,44038,57628,s2-eth1,s2-eth4
10.0.8.10,10.0.5.10,6,40588,57685,s8-eth1,s8-eth3
10.0.3.10,10.0.8.10,6,48782,57838,s3-eth1,s3-eth4
10.0.5.10,10.0.1.10,6,52246,57251,s5-eth1,s5-eth3
10.0.6.10,10.0.1.10,6,41782,57861,s6-eth1,s6-eth3
10.0.7.10,10.0.8.10,6,37794,57178,s7-eth1,s7-eth3
10.0.8.10,10.0.1.10,6,57818,47310,s8-eth1,s8-eth3
10.0.4.10,10.0.8.10,6,37360,57248,s4-eth1,s4-eth4
10.0.7.10,10.0.4.10,6,53472,57574,s7-eth1,s7-eth3
10.0.3.10,10.0.1.10,6,57388,57231,s3-eth1,s3-eth4
10.0.5.10,10.0.7.10,6,53896,57857,s5-eth1,s5-eth3
10.0.1.10,10.0.6.10,6,57561,46610,s1-eth1,s1-eth4
10.0.6.10,10.0.2.10,6,57826,39330,s6-eth1,s6-eth3
10.0.2.10,10.0.6.10,6,50640,57026,s2-eth1,s2-eth4
10.0.8.10,10.0.3.10,6,41650,57683,s8-eth1,s8-eth3
10.0.3.10,10.0.6.10,6,57263,47922,s3-eth1,s3-eth4
10.0.4.10,10.0.7.10,6,57774,55924,s4-eth1,s4-eth4
10.0.2.10,10.0.4.10,6,46984,57424,s2-eth1,s2-eth4
10.0.5.10,10.0.6.10,6,35026,57556,s5-eth1,s5-eth3
10.0.7.10,10.0.2.10,6,40514,57572,s7-eth1,s7-eth3
10.0.1.10,10.0.8.10,6,41006,57718,s1-eth1,s1-eth4
10.0.6.10,10.0.1.10,6,48382,57561,s6-eth1,s6-eth3
10.0.2.10,10.0.1.10,6,55924,57021,s2-eth1,s2-eth4
10.0.5.10,10.0.1.10,6,54714,57351,s5-eth1,s5-eth3
10.0.8.10,10.0.4.10,6,54202,57784,s8-eth1,s8-eth3
10.0.4.10,10.0.1.10,6,51546,57141,s4-eth1,s4-eth4
10.0.3.10,10.0.1.10,6,60144,57731,s3-eth1,s3-eth4
10.0.7.10,10.0.2.10,6,51102,57872,s7-eth1,s7-eth3
10.0.2.10,10.0.1.10,6,37676,57921,s2-eth1,s2-eth4
10.0.1.10,10.0.6.10,6,52452,57716,s1-eth1,s1-eth4
10.0.6.10,10.0.8.10,6,40376,57068,s6-eth1,s6-eth3
10.0.3.10,10.0.1.10,6,35558,57131,s3-eth1,s3-eth4
10.0.4.10,10.0.5.10,6,57130,57845,s4-eth1,s4-eth4
10.0.5.10,10.0.6.10,6,38836,57456,s5-eth1,s5-eth3
10.0.8.10,10.0.3.10,6,37828,57283,s8-eth1,s8-eth3
10.0.3.10,10.0.1.10,6,40578,57931,s3-eth1,s3-eth4
10.0.2.10,10.0.7.10,6,58872,57827,s2-eth1,s2-eth4
10.0.7.10,10.0.6.10,6,57067,54126,s7-eth1,s7-eth3
10.0.6.10,10.0.2.10,6,57026,50640,s6-eth1,s6-eth3
10.0.5.10,10.0.2.10,6,40528,57052,s5-eth1,s5-eth3
10.0.4.10,10.0.2.10,6,35052,57542,s4-eth1,s4-eth4
10.0.1.10,10.0.7.10,6,49606,57417,s1-eth1,s1-eth4
10.0.3.10,10.0.7.10,6,39348,57537,s3-eth1,s3-eth4
10.0.8.10,10.0.1.10,6,57418,47022,s8-eth1,s8-eth3
10.0.7.10,10.0.6.10,6,50514,57876,s7-eth1,s7-eth3
10.0.2.10,10.0.1.10,6,57212,36866,s2-eth1,s2-eth4
10.0.6.10,10.0.1.10,6,59286,57161,s6-eth1,s6-eth3
10.0.4.10,10.0.7.10,6,45476,57347,s4-eth1,s4-eth4
10.0.5.10,10.0.4.10,6,59672,57854,s5-eth1,s5-eth3
10.0.2.10,10.0.4.10,6,38642,57324,s2-eth1,s2-eth4
10.0.1.10,10.0.7.10,6,59642,57217,s1-eth1,s1-eth4
10.0.3.10,10.0.2.10,6,46248,57932,s3-eth1,s3-eth4
10.0.7.10,10.0.4.10,6,38614,57274,s7-eth1,s7-eth3
10.0.4.10,10.0.3.10,6,35008,57743,s4-eth1,s4-eth4
10.0.8.10,10.0.2.10,6,52776,57682,s8-eth1,s8-eth3
10.0.3.10,10.0.1.10,6,40924,57631,s3-eth1,s3-eth4
10.0.2.10,10.0.3.10,6,39714,57323,s2-eth1,s2-eth4
10.0.1.10,10.0.6.10,6,57861,41782,s1-eth1,s1-eth4
10.0.4.10,10.0.6.10,6,57164,32988,s4-eth1,s4-eth4
10.0.5.10,10.0.2.10,6,38620,57652,s5-eth1,s5-eth3
10.0.7.10,10.0.2.10,6,57427,40620,s7-eth1,s7-eth3
10.0.3.10,10.0.6.10,6,40990,57836,s3-eth1,s3-eth4
10.0.8.10,10.0.6.10,6,57568,42462,s8-eth1,s8-eth3
10.0.2.10,10.0.7.10,6,44558,57227,s2-eth1,s2-eth4
10.0.8.10,10.0.5.10,6,48404,57885,s8-eth1,s8-eth3
10.0.4.10,10.0.8.10,6,45364,57748,s4-eth1,s4-eth4
10.0.1.10,10.0.8.10,6,38712,57218,s1-eth1,s1-eth4
10.0.5.10,10.0.2.10,6,32940,57752,s5-eth1,s5-eth3
10.0.7.10,10.0.1.10,6,57017,43788,s7-eth1,s7-eth3
10.0.3.10,10.0.5.10,6,57753,54838,s3-eth1,s3-eth4
10.0.2.10,10.0.1.10,6,42014,57821,s2-eth1,s2-eth4
10.0.8.10,10.0.7.10,6,46972,57087,s8-eth1,s8-eth3
10.0.4.10,10.0.1.10,6,59464,57741,s4-eth1,s4-eth4
10.0.1.10,10.0.6.10,6,57561,48382,s1-eth1,s1-eth4
10.0.5.10,10.0.8.10,6,42834,57458,s5-eth1,s5-eth3
10.0.7.10,10.0.4.10,6,34200,57974,s7-eth1,s7-eth3
10.0.2.10,10.0.1.10,6,57312,36338,s2-eth1,s2-eth4
10.0.8.10,10.0.4.10,6,60972,57984,s8-eth1,s8-eth3
10.0.4.10,10.0.1.10,6,57214,48068,s4-eth1,s4-eth4
10.0.3.10,10.0.7.10,6,58270,57437,s3-eth1,s3-eth4
10.0.1.10,10.0.2.10,6,36804,57012,s1-eth1,s1-eth4
10.0.5.10,10.0.3.10,6,32908,57353,s5-eth1,s5-eth3
10.0.2.10,10.0.7.10,6,36282,57327,s2-eth1,s2-eth4
10.0.4.10,10.0.7.10,6,41704,57847,s4-eth1,s4-eth4
10.0.8.10,10.0.7.10,6,33526,57487,s8-eth1,s8-eth3
10.0.7.10,10.0.2.10,6,43814,57372,s7-eth1,s7-eth3
10.0.3.10,10.0.8.10,6,54024,57438,s3-eth1,s3-eth4
10.0.1.10,10.0.3.10,6,44176,57413,s1-eth1,s1-eth4
10.0.8.10,10.0.7.10,6,43076,57787,s8-eth1,s8-eth3
10.0.5.10,10.0.1.10,6,57932,57851,s5-eth1,s5-eth3
10.0.2.10,10.0.8.10,6,41506,57028,s2-eth1,s2-eth4
10.0.4.10,10.0.2.10,6,57424,46984,s4-eth1,s4-eth4
10.0.7.10,10.0.2.10,6,38126,57672,s7-eth1,s7-eth3
10.0.1.10,10.0.2.10,6,57921,37676,s1-eth1,s1-eth4
10.0.8.10,10.0.4.10,6,57248,37360,s8-eth1,s8-eth3
10.0.3.10,10.0.6.10,6,57563,47638,s3-eth1,s3-eth4
10.0.4.10,10.0.1.10,6,55626,57241,s4-eth1,s4-eth4
10.0.2.10,10.0.3.10,6,35700,57223,s2-eth1,s2-eth4
10.0.1.10,10.0.2.10,6,57021,55924,s1-eth1,s1-eth4
10.0.3.10,10.0.2.10,6,57623,33606,s3-eth1,s3-eth4
10.0.8.10,10.0.2.10,6,57628,44038,s8-eth1,s8-eth3
10.0.2.10,10.0.4.10,6,57542,35052,s2-eth1,s2-eth4
10.0.3.10,10.0.2.10,6,43128,57332,s3-eth1,s3-eth4
10.0.8.10,10.0.6.10,6,57468,41510,s8-eth1,s8-eth3
10.0.3.10,10.0.4.10,6,42288,57834,s3-eth1,s3-eth4
10.0.8.10,10.0.1.10,6,57518,35814,s8-eth1,s8-eth3
10.0.3.10,10.0.8.10,6,46792,57538,s3-eth1,s3-eth4
10.0.8.10,10.0.1.10,6,57718,41006,s8-eth1,s8-eth3
10.0.3.10,10.0.5.10,6,52774,57435,s3-eth1,s3-eth4
10.0.8.10,10.0.6.10,6,60358,57286,s8-eth1,s8-eth3
10.0.8.10,10.0.1.10,6,51352,57481,s8-eth1,s8-eth3
10.0.8.10,10.0.1.10,6,57918,51170,s8-eth1,s8-eth3
10.0.8.10,10.0.6.10,6,57068,40376,s8-eth1,s8-eth3
